{
  "mapped_smiles": "[N+:1](=[C:14]1[c:6]2[c:8]([c:7]([H:23])[c:10]([H:25])[c:11]([H:26])[c:12]2[H:27])/[C:2](=[N+:4](/[N:9]([c:3]2[c:5]([H:22])[c:15]([H:29])[c:16]([H:30])[c:17]([H:31])[c:18]2[H:32])[H:24])[H:21])[N:13]1[H:28])([H:19])[H:20]",
  "best_pose": {
    "index": 0,
    "bscore": -4.54188
  },
  "poses": [
    {
      "offset": 218,
      "energy": -2554.12,
      "pscore": -42.2486,
      "nevals": 9032,
      "receptor": {
        "torsions": [
            1.49713, -0.103795, 1.59798, -1.4869, -1.49367, -1.44949, 1.56276, 0.0916045
        ]
      },
      "ligand": {
        "xyz": [
          [29.6202, 3.64093, 59.1333],
          [26.4755, 4.5964, 58.0637],
          [24.1548, 6.81984, 56.403],
          [25.7251, 5.01281, 56.984],
          [22.8221, 7.26861, 56.3811],
          [27.1812, 3.148, 59.6559],
          [24.7541, 3.207, 59.45],
          [26.0356, 3.6854, 59.1057],
          [24.432, 5.64155, 57.1173],
          [24.6643, 2.15476, 60.3818],
          [25.8378, 1.58496, 60.9243],
          [27.1146, 2.07164, 60.5561],
          [27.8636, 4.67311, 58.0357],
          [28.292, 3.77452, 58.9619],
          [22.446, 8.41759, 55.6736],
          [23.4032, 9.11725, 54.9309],
          [24.7329, 8.67362, 54.9233],
          [25.1217, 7.5498, 55.6777],
          [29.9161, 2.91363, 59.7967],
          [30.2287, 3.55018, 58.3049],
          [26.3197, 5.34195, 56.2157],
          [22.0547, 6.72966, 56.9199],
          [23.8456, 3.5731, 58.9832],
          [23.6615, 4.96314, 57.0875],
          [23.688, 1.73334, 60.6335],
          [25.7473, 0.723692, 61.5822],
          [28.0106, 1.57483, 60.9109],
          [28.4692, 5.13721, 57.3718],
          [21.409, 8.74392, 55.6931],
          [23.1114, 9.9867, 54.3508],
          [25.456, 9.20198, 54.3196],
          [26.1653, 7.25365, 55.6705]
        ]
      }
    },
    {
      "offset": 57,
      "energy": -2607.82,
      "pscore": -40.7161,
      "nevals": 10357,
      "receptor": {
        "torsions": [
            1.47961, -0.100841, 1.63603, -1.72242, -1.48411, -1.64336, 1.547, 0.13525
        ]
      },
      "ligand": {
        "xyz": [
          [29.7316, 3.87989, 59.0865],
          [26.6513, 2.28301, 59.5018],
          [24.502, -0.0691684, 60.2915],
          [26.0714, 1.09742, 59.1192],
          [23.8785, 0.921987, 61.0664],
          [27.2968, 4.37089, 58.8533],
          [24.9551, 3.8941, 58.4359],
          [26.2085, 3.54088, 58.944],
          [25.8592, -0.0150853, 59.9896],
          [24.825, 5.17821, 57.8663],
          [25.9439, 6.05571, 57.8078],
          [27.2069, 5.64768, 58.2975],
          [28.0067, 2.35973, 59.7818],
          [28.4192, 3.60865, 59.3292],
          [22.4784, 0.912708, 61.1977],
          [21.6989, -0.0606563, 60.5656],
          [22.3177, -0.99074, 59.7253],
          [23.7143, -0.997081, 59.6044],
          [29.9875, 4.29765, 58.1854],
          [30.3788, 3.1053, 59.3046],
          [26.3309, 0.842091, 58.1491],
          [24.4636, 1.71077, 61.5218],
          [24.1282, 3.17931, 58.4547],
          [26.2096, -0.92598, 59.6032],
          [23.8624, 5.46769, 57.4529],
          [25.8579, 7.03126, 57.3391],
          [28.0923, 6.2719, 58.1977],
          [28.5928, 1.62116, 60.1531],
          [21.9585, 1.68391, 61.7344],
          [20.6197, -0.0511868, 60.6922],
          [21.7241, -1.67162, 59.1275],
          [24.1954, -1.672, 58.9037]
        ]
      }
    },
    {
      "offset": 183,
      "energy": -2609.46,
      "pscore": -40.4095,
      "nevals": 10716,
      "receptor": {
        "torsions": [
            1.48398, -0.0965511, 1.61712, -1.70632, -1.48214, -1.61557, 1.54738, 0.11658
        ]
      },
      "ligand": {
        "xyz": [
          [29.5739, 3.68038, 58.9937],
          [26.4472, 2.1277, 59.5004],
          [24.0392, -0.164086, 60.0594],
          [25.825, 0.979036, 59.0455],
          [23.4006, 0.673616, 60.9944],
          [27.1547, 4.19012, 58.7842],
          [24.7622, 3.85831, 58.5711],
          [26.0298, 3.42577, 58.9822],
          [25.4252, -0.129835, 59.8759],
          [24.6753, 5.11832, 57.9359],
          [25.8404, 5.90784, 57.7415],
          [27.1034, 5.44702, 58.1734],
          [27.8334, 2.1553, 59.7074],
          [28.2648, 3.39358, 59.2276],
          [22.008, 0.608109, 61.1756],
          [21.2448, -0.252709, 60.3834],
          [21.8602, -1.03539, 59.3983],
          [23.2545, -1.01299, 59.2548],
          [30.2503, 2.96378, 59.2947],
          [29.86, 4.04454, 58.0813],
          [26.214, 0.690556, 58.1303],
          [23.9824, 1.3413, 61.6232],
          [23.8857, 3.21883, 58.7163],
          [25.7884, -1.04822, 59.529],
          [23.711, 5.45856, 57.565],
          [25.7827, 6.84897, 57.2014],
          [28.0141, 6.01469, 57.9785],
          [28.4201, 1.39484, 60.0269],
          [21.5086, 1.20527, 61.9282],
          [20.1717, -0.291549, 60.5022],
          [21.2607, -1.66111, 58.7504],
          [23.7021, -1.672, 58.5104]
        ]
      }
    },
    {
      "offset": 64,
      "energy": -2611.41,
      "pscore": -40.4077,
      "nevals": 9970,
      "receptor": {
        "torsions": [
            1.4839, -0.11938, 1.62532, -1.62697, -1.4796, -1.6243, 1.54814, 0.197961
        ]
      },
      "ligand": {
        "xyz": [
          [29.6539, 3.76592, 59.0091],
          [26.6373, 2.06794, 59.574],
          [24.4483, -0.309223, 60.0676],
          [26.119, 0.87379, 59.1192],
          [23.7111, -1.02564, 59.1115],
          [27.2, 4.19487, 58.9339],
          [24.8302, 3.7313, 58.7161],
          [26.13, 3.34551, 59.0849],
          [25.8245, -0.268492, 59.937],
          [24.6513, 5.04701, 58.221],
          [25.7635, 5.9258, 58.0885],
          [27.0601, 5.49884, 58.4464],
          [28.012, 2.17812, 59.7561],
          [28.3604, 3.44475, 59.3016],
          [22.3145, -0.868537, 59.0471],
          [21.6604, -0.00599238, 59.9465],
          [22.3976, 0.67957, 60.9228],
          [23.7953, 0.541364, 60.9794],
          [30.341, 3.0312, 59.2212],
          [29.8844, 4.14618, 58.0862],
          [26.4257, 0.647263, 58.1626],
          [24.2165, -1.672, 58.3884],
          [24.0012, 3.02445, 58.8176],
          [26.1893, -1.1755, 59.5425],
          [23.6573, 5.36925, 57.9072],
          [25.6391, 6.91452, 57.6482],
          [27.9403, 6.12513, 58.304],
          [28.6496, 1.4642, 60.094],
          [21.752, -1.40691, 58.2888],
          [20.5855, 0.141391, 59.8674],
          [21.8892, 1.35792, 61.6008],
          [24.371, 1.11745, 61.6942]
        ]
      }
    },
    {
      "offset": 110,
      "energy": -2538.81,
      "pscore": -40.3464,
      "nevals": 9083,
      "receptor": {
        "torsions": [
            1.49544, -0.121764, 1.58474, -1.44862, -1.48524, -1.43028, 1.56029, 0.171666
        ]
      },